{
    "images": [{
        "title": "10 Advice Mallard",
        "filename": "10_Advice_Mallard.jpg",
        "tags": ["animals"]
    }, {
        "title": "10 Doge",
        "filename": "10_Doge.jpg",
        "tags": ["animals"]
    }, {
        "title": "10 Grumpy Cat",
        "filename": "10_Grumpy_Cat.jpg",
        "tags": ["animals"]
    }, {
        "title": "10 Philosophraptor",
        "filename": "10_Philosophraptor.jpg",
        "tags": ["animals"]
    }, {
        "title": "Angry-Koala",
        "filename": "Angry-Koala.jpg",
        "tags": ["animals"]
    }, {
        "title": "Awkward-Moment-Sealion",
        "filename": "Awkward-Moment-Sealion.jpg",
        "tags": ["animals"]
    }, {
        "title": "Baby-Insanity-Wolf",
        "filename": "Baby-Insanity-Wolf.jpg",
        "tags": ["animals"]
    }, {
        "title": "Bad-Joke-Eel",
        "filename": "Bad-Joke-Eel.jpg",
        "tags": ["animals"]
    }, {
        "title": "Bad-Luck-Bear",
        "filename": "Bad-Luck-Bear.jpg",
        "tags": ["animals"]
    }, {
        "title": "Chainsaw-Bear",
        "filename": "Chainsaw-Bear.jpg",
        "tags": ["animals"]
    }, {
        "title": "Chemistry-Cat",
        "filename": "Chemistry-Cat.jpg",
        "tags": ["animals"]
    }, {
        "title": "Confession-Bear",
        "filename": "Confession-Bear.jpg",
        "tags": ["animals"]
    }, {
        "title": "Cute-Cat",
        "filename": "Cute-Cat.jpg",
        "tags": ["animals"]
    }, {
        "title": "Evil-Otter",
        "filename": "Evil-Otter.jpg",
        "tags": ["animals"]
    }, {
        "title": "Grumpy-Cat-Star-Wars",
        "filename": "Grumpy-Cat-Star-Wars.jpg",
        "tags": ["animals"]
    }, {
        "title": "Harambe 01",
        "filename": "Harambe_01.jpg",
        "tags": ["animals"]
    }, {
        "title": "Harambe 02",
        "filename": "Harambe_02.jpg",
        "tags": ["animals"]
    }, {
        "title": "I-Have-No-Idea-What-I-Am-Doing",
        "filename": "I-Have-No-Idea-What-I-Am-Doing.jpg",
        "tags": ["animals"]
    }, {
        "title": "I-Should-Buy-A-Boat-Cat",
        "filename": "I-Should-Buy-A-Boat-Cat.jpg",
        "tags": ["animals"]
    }, {
        "title": "Laughing-Goat",
        "filename": "Laughing-Goat.jpg",
        "tags": ["animals"]
    }, {
        "title": "Quit-Hatin",
        "filename": "Quit-Hatin.jpg",
        "tags": ["animals"]
    }, {
        "title": "Raptor BW",
        "filename": "Raptor_BW.jpg",
        "tags": ["animals"]
    }, {
        "title": "Satisfied-Seal",
        "filename": "Satisfied-Seal.jpg",
        "tags": ["animals"]
    }, {
        "title": "Scared-Cat",
        "filename": "Scared-Cat.jpg",
        "tags": ["animals"]
    }, {
        "title": "Self-Loathing-Otter",
        "filename": "Self-Loathing-Otter.jpg",
        "tags": ["animals"]
    }, {
        "title": "Serious cat",
        "filename": "Serious_cat.jpg",
        "tags": ["animals"]
    }, {
        "title": "Stoner-Dog",
        "filename": "Stoner-Dog.jpg",
        "tags": ["animals"]
    }, {
        "title": "Stoner-Lemur",
        "filename": "Stoner-Lemur.jpg",
        "tags": ["animals"]
    }, {
        "title": "Stoner Dog",
        "filename": "Stoner_Dog.jpg",
        "tags": ["animals"]
    }, {
        "title": "Super-Birthday-Squirrel",
        "filename": "Super-Birthday-Squirrel.jpg",
        "tags": ["animals"]
    }, {
        "title": "Surprised-Coala",
        "filename": "Surprised-Coala.jpg",
        "tags": ["animals"]
    }, {
        "title": "Take-A-Seat-Cat",
        "filename": "Take-A-Seat-Cat.jpg",
        "tags": ["animals"]
    }, {
        "title": "The-Most-Interesting-Cat-In-The-World",
        "filename": "The-Most-Interesting-Cat-In-The-World.jpg",
        "tags": ["animals"]
    }, {
        "title": "Travelonshark",
        "filename": "Travelonshark.jpg",
        "tags": ["animals"]
    }, {
        "title": "Unpopular-Opinion-Puffin",
        "filename": "Unpopular-Opinion-Puffin.jpg",
        "tags": ["animals"]
    }, {
        "title": "Weird-Stuff-I-Do-Potoo",
        "filename": "Weird-Stuff-I-Do-Potoo.jpg",
        "tags": ["animals"]
    }, {
        "title": "Yes, this is dog",
        "filename": "Yes,_this_is_dog.jpg",
        "tags": ["animals"]
    }, {
        "title": "depression turtle",
        "filename": "depression_turtle.jpg",
        "tags": ["animals"]
    }, {
        "title": "evil cows",
        "filename": "evil_cows.jpg",
        "tags": ["animals"]
    }, {
        "title": "how about no",
        "filename": "how_about_no.png",
        "tags": ["animals"]
    }, {
        "title": "misunderstood spider",
        "filename": "misunderstood_spider.jpg",
        "tags": ["animals"]
    }, {
        "title": "nyan cat",
        "filename": "nyan_cat.jpg",
        "tags": ["animals"]
    }, {
        "title": "orly",
        "filename": "orly.jpg",
        "tags": ["animals"]
    }, {
        "title": "racoon evil plotting",
        "filename": "racoon_evil_plotting.jpg",
        "tags": ["animals"]
    }, {
        "title": "rpe sloth",
        "filename": "rpe_sloth.jpg",
        "tags": ["animals"]
    }, {
        "title": "z9 Insanity-Wolf",
        "filename": "z9_Insanity-Wolf.jpg",
        "tags": ["animals"]
    }, {
        "title": "z9 Paranoid-Parrot",
        "filename": "z9_Paranoid-Parrot.jpg",
        "tags": ["animals"]
    }, {
        "title": "z9 Pedobear",
        "filename": "z9_Pedobear.jpg",
        "tags": ["animals"]
    }, {
        "title": "z9 Pickup-Line-Panda",
        "filename": "z9_Pickup-Line-Panda.jpg",
        "tags": ["animals"]
    }, {
        "title": "z9 advice doge",
        "filename": "z9_advice_doge.jpg",
        "tags": ["animals"]
    }, {
        "title": "z socially awesome awkward penguin",
        "filename": "z_socially_awesome_awkward_penguin.jpg",
        "tags": ["animals"]
    }, {
        "title": "z socially awesome penguin",
        "filename": "z_socially_awesome_penguin.jpg",
        "tags": ["animals"]
    }, {
        "title": "z socially awkward awesome penguin",
        "filename": "z_socially_awkward_awesome_penguin.jpg",
        "tags": ["animals"]
    }, {
        "title": "z socially awkward penguin",
        "filename": "z_socially_awkward_penguin.jpg",
        "tags": ["animals"]
    }, {
        "title": "absolutely barbaric",
        "filename": "absolutely_barbaric.jpg",
        "tags": ["cartoon"]
    }, {
        "title": "american dad  gears",
        "filename": "american_dad__gears.jpg",
        "tags": ["cartoon"]
    }, {
        "title": "arthur fist",
        "filename": "arthur_fist.jpg",
        "tags": ["cartoon"]
    }, {
        "title": "barnyard perhaps",
        "filename": "barnyard_perhaps.png",
        "tags": ["cartoon"]
    }, {
        "title": "batman  Slapping-Robin",
        "filename": "batman__Slapping-Robin.jpg",
        "tags": ["cartoon"]
    }, {
        "title": "but-Thats-None-Of-My-Business",
        "filename": "but-Thats-None-Of-My-Business.jpg",
        "tags": ["cartoon"]
    }, {
        "title": "disney  Scrooge-McDuck-2",
        "filename": "disney__Scrooge-McDuck-2.jpg",
        "tags": ["cartoon"]
    }, {
        "title": "disney  X-Everywhere",
        "filename": "disney__X-Everywhere.jpg",
        "tags": ["cartoon"]
    }, {
        "title": "futurama  Shut-Up-And-Take-My-Money-Fry",
        "filename": "futurama__Shut-Up-And-Take-My-Money-Fry.jpg",
        "tags": ["cartoon"]
    }, {
        "title": "futurama  i dont want to live on this planet anymore",
        "filename": "futurama__i_dont_want_to_live_on_this_planet_anymore.jpg",
        "tags": ["cartoon"]
    }, {
        "title": "futurama  not sure if",
        "filename": "futurama__not_sure_if.jpg",
        "tags": ["cartoon"]
    }, {
        "title": "i came  arielle",
        "filename": "i_came__arielle.jpg",
        "tags": ["cartoon"]
    }, {
        "title": "pokemon  ash0",
        "filename": "pokemon__ash0.jpg",
        "tags": ["cartoon"]
    }, {
        "title": "pokemon  ash1",
        "filename": "pokemon__ash1.jpg",
        "tags": ["cartoon"]
    }, {
        "title": "pokemon  brock",
        "filename": "pokemon__brock.jpg",
        "tags": ["cartoon"]
    }, {
        "title": "pokemon  oak 0",
        "filename": "pokemon__oak_0.jpg",
        "tags": ["cartoon"]
    }, {
        "title": "pokemon  oak 1",
        "filename": "pokemon__oak_1.jpg",
        "tags": ["cartoon"]
    }, {
        "title": "pokemon  pikachu",
        "filename": "pokemon__pikachu.jpg",
        "tags": ["cartoon"]
    }, {
        "title": "simsons  1",
        "filename": "simsons__1.jpg",
        "tags": ["cartoon"]
    }, {
        "title": "simsons  2",
        "filename": "simsons__2.jpg",
        "tags": ["cartoon"]
    }, {
        "title": "simsons  3",
        "filename": "simsons__3.jpg",
        "tags": ["cartoon"]
    }, {
        "title": "simsons  4",
        "filename": "simsons__4.jpg",
        "tags": ["cartoon"]
    }, {
        "title": "southpark  Aaaaand-Its-Gone",
        "filename": "southpark__Aaaaand-Its-Gone.jpg",
        "tags": ["cartoon"]
    }, {
        "title": "southpark  Gonna have a bad time",
        "filename": "southpark__Gonna_have_a_bad_time.jpg",
        "tags": ["cartoon"]
    }, {
        "title": "southpark  Mr-Mackey",
        "filename": "southpark__Mr-Mackey.jpg",
        "tags": ["cartoon"]
    }, {
        "title": "southpark  RPG-Fan",
        "filename": "southpark__RPG-Fan.jpg",
        "tags": ["cartoon"]
    }, {
        "title": "southpark  Thought this was america",
        "filename": "southpark__Thought_this_was_america.jpg",
        "tags": ["cartoon"]
    }, {
        "title": "southpark  captain you should not",
        "filename": "southpark__captain_you_should_not.jpg",
        "tags": ["cartoon"]
    }, {
        "title": "spiderman  This post gave me cancer",
        "filename": "spiderman__This_post_gave_me_cancer.jpg",
        "tags": ["cartoon"]
    }, {
        "title": "spongebob  crabs confused",
        "filename": "spongebob__crabs_confused.jpg",
        "tags": ["cartoon"]
    }, {
        "title": "spongebob  partick No Patrick",
        "filename": "spongebob__partick_No_Patrick.jpg",
        "tags": ["cartoon"]
    }, {
        "title": "spongebob  patrick No this is patrick",
        "filename": "spongebob__patrick_No_this_is_patrick.jpg",
        "tags": ["cartoon"]
    }, {
        "title": "spongebob  patrick Push it somewhere else",
        "filename": "spongebob__patrick_Push_it_somewhere_else.jpg",
        "tags": ["cartoon"]
    }, {
        "title": "spongebob  spongebob Dont-You-Squidward",
        "filename": "spongebob__spongebob_Dont-You-Squidward.jpg",
        "tags": ["cartoon"]
    }, {
        "title": "spongebob  spongebob Ill-Have-You-Know",
        "filename": "spongebob__spongebob_Ill-Have-You-Know.jpg",
        "tags": ["cartoon"]
    }, {
        "title": "spongebob  spongebob Imagination",
        "filename": "spongebob__spongebob_Imagination.jpg",
        "tags": ["cartoon"]
    }, {
        "title": "spongebob  spongebob cavemen",
        "filename": "spongebob__spongebob_cavemen.jpg",
        "tags": ["cartoon"]
    }, {
        "title": "spongebob  spongebob mocking",
        "filename": "spongebob__spongebob_mocking.jpg",
        "tags": ["cartoon"]
    }, {
        "title": "spongebob  zmore looking 1",
        "filename": "spongebob__zmore_looking_1.jpg",
        "tags": ["cartoon"]
    }, {
        "title": "this is fine 0",
        "filename": "this_is_fine_0.jpg",
        "tags": ["cartoon"]
    }, {
        "title": "this is fine 1",
        "filename": "this_is_fine_1.jpg",
        "tags": ["cartoon"]
    }, {
        "title": "this is fine 1",
        "filename": "this_is_fine_1.png",
        "tags": ["cartoon"]
    }, {
        "title": "two red buttons",
        "filename": "two_red_buttons.jpg",
        "tags": ["cartoon"]
    }, {
        "title": "when The Sun Hits That Ridge Just Right",
        "filename": "when_The_Sun_Hits_That_Ridge_Just_Right.jpg",
        "tags": ["cartoon"]
    }, {
        "title": "10 Ancient-Aliens",
        "filename": "10_Ancient-Aliens.jpg",
        "tags": ["humans"]
    }, {
        "title": "10 Bad Luck Brian",
        "filename": "10_Bad_Luck_Brian.jpg",
        "tags": ["humans"]
    }, {
        "title": "10 Captain-Picard-Facepalm",
        "filename": "10_Captain-Picard-Facepalm.jpg",
        "tags": ["humans"]
    }, {
        "title": "10 Conspiracy-Keanu",
        "filename": "10_Conspiracy-Keanu.jpg",
        "tags": ["humans"]
    }, {
        "title": "10 Guy",
        "filename": "10_Guy.jpg",
        "tags": ["humans"]
    }, {
        "title": "10 Leonardo-Dicaprio-Cheers",
        "filename": "10_Leonardo-Dicaprio-Cheers.jpg",
        "tags": ["humans"]
    }, {
        "title": "10 One-Does-Not-Simply",
        "filename": "10_One-Does-Not-Simply.jpg",
        "tags": ["humans"]
    }, {
        "title": "10 Picard-Wtf",
        "filename": "10_Picard-Wtf.jpg",
        "tags": ["humans"]
    }, {
        "title": "10 So-I-Got-That-Goin-For-Me-Which-Is-Nice",
        "filename": "10_So-I-Got-That-Goin-For-Me-Which-Is-Nice.jpg",
        "tags": ["humans"]
    }, {
        "title": "10 The-Most-Interesting-Man-In-The-World",
        "filename": "10_The-Most-Interesting-Man-In-The-World.jpg",
        "tags": ["humans"]
    }, {
        "title": "10 roll safe  think about it",
        "filename": "10_roll_safe__think_about_it.jpg",
        "tags": ["humans"]
    }, {
        "title": "10 success kid",
        "filename": "10_success_kid.jpg",
        "tags": ["humans"]
    }, {
        "title": "Afraid To Ask Andy",
        "filename": "Afraid_To_Ask_Andy.jpg",
        "tags": ["humans"]
    }, {
        "title": "Am-I-The-Only-One-Around-Here",
        "filename": "Am-I-The-Only-One-Around-Here.jpg",
        "tags": ["humans"]
    }, {
        "title": "Back-In-My-Day",
        "filename": "Back-In-My-Day.jpg",
        "tags": ["humans"]
    }, {
        "title": "Brace-Yourselves-X-is-Coming",
        "filename": "Brace-Yourselves-X-is-Coming.jpg",
        "tags": ["humans"]
    }, {
        "title": "Buddy-Christ",
        "filename": "Buddy-Christ.jpg",
        "tags": ["humans"]
    }, {
        "title": "Chubby-Bubbles-Girl",
        "filename": "Chubby-Bubbles-Girl.jpg",
        "tags": ["humans"]
    }, {
        "title": "College-Freshman",
        "filename": "College-Freshman.jpg",
        "tags": ["humans"]
    }, {
        "title": "College-Senior",
        "filename": "College-Senior.jpg",
        "tags": ["humans"]
    }, {
        "title": "Confused Nick Young",
        "filename": "Confused_Nick_Young.jpg",
        "tags": ["humans"]
    }, {
        "title": "Creepy-Condescending-Wonka",
        "filename": "Creepy-Condescending-Wonka.jpg",
        "tags": ["humans"]
    }, {
        "title": "DJ-Pauly-D",
        "filename": "DJ-Pauly-D.jpg",
        "tags": ["humans"]
    }, {
        "title": "Darti-Boy",
        "filename": "Darti-Boy.jpg",
        "tags": ["humans"]
    }, {
        "title": "Dat ass",
        "filename": "Dat_ass.jpg",
        "tags": ["humans"]
    }, {
        "title": "Disaster-Girl",
        "filename": "Disaster-Girl.jpg",
        "tags": ["humans"]
    }, {
        "title": "Dr-Evil-Laser",
        "filename": "Dr-Evil-Laser.jpg",
        "tags": ["humans"]
    }, {
        "title": "Drunk-Baby",
        "filename": "Drunk-Baby.jpg",
        "tags": ["humans"]
    }, {
        "title": "Evil-Baby",
        "filename": "Evil-Baby.jpg",
        "tags": ["humans"]
    }, {
        "title": "Evil-Toddler",
        "filename": "Evil-Toddler.jpg",
        "tags": ["humans"]
    }, {
        "title": "Face-You-Make-Robert-Downey-Jr",
        "filename": "Face-You-Make-Robert-Downey-Jr.jpg",
        "tags": ["humans"]
    }, {
        "title": "First-Day-On-The-Internet-Kid",
        "filename": "First-Day-On-The-Internet-Kid.jpg",
        "tags": ["humans"]
    }, {
        "title": "First-World-Problems",
        "filename": "First-World-Problems.jpg",
        "tags": ["humans"]
    }, {
        "title": "First-World-Problems 1990s",
        "filename": "First-World-Problems_1990s.jpg",
        "tags": ["humans"]
    }, {
        "title": "Frustrated-Boromir",
        "filename": "Frustrated-Boromir.jpg",
        "tags": ["humans"]
    }, {
        "title": "Gaben",
        "filename": "Gaben.png",
        "tags": ["humans"]
    }, {
        "title": "Good-Guy-Greg",
        "filename": "Good-Guy-Greg.jpg",
        "tags": ["humans"]
    }, {
        "title": "Grandma-Finds-The-Internet",
        "filename": "Grandma-Finds-The-Internet.jpg",
        "tags": ["humans"]
    }, {
        "title": "Hitler reacts",
        "filename": "Hitler_reacts.jpg",
        "tags": ["humans"]
    }, {
        "title": "I-Know-Fuck-Me-Right",
        "filename": "I-Know-Fuck-Me-Right.jpg",
        "tags": ["humans"]
    }, {
        "title": "I-Too-Like-To-Live-Dangerously",
        "filename": "I-Too-Like-To-Live-Dangerously.jpg",
        "tags": ["humans"]
    }, {
        "title": "I Was Told There Would Be",
        "filename": "I_Was_Told_There_Would_Be.jpg",
        "tags": ["humans"]
    }, {
        "title": "Laughing Men In Suits (rich reagan republican white house men laughing)",
        "filename": "Laughing-Men-In-Suits.jpg",
        "tags": ["humans"]
    }, {
        "title": "Laughing-Villains",
        "filename": "Laughing-Villains.jpg",
        "tags": ["humans"]
    }, {
        "title": "Laughing And-then-I-said-Obama",
        "filename": "Laughing_And-then-I-said-Obama.jpg",
        "tags": ["humans"]
    }, {
        "title": "Matrix-Morpheus",
        "filename": "Matrix-Morpheus.jpg",
        "tags": ["humans"]
    }, {
        "title": "Michael-Jackson-Popcorn",
        "filename": "Michael-Jackson-Popcorn.jpg",
        "tags": ["humans"]
    }, {
        "title": "Minor Mistake",
        "filename": "Minor_Mistake.jpg",
        "tags": ["humans"]
    }, {
        "title": "Nobody-Got-Time-For-That",
        "filename": "Nobody-Got-Time-For-That.jpg",
        "tags": ["humans"]
    }, {
        "title": "Overly-Attached-Girlfriend",
        "filename": "Overly-Attached-Girlfriend.jpg",
        "tags": ["humans"]
    }, {
        "title": "Priority-Peter",
        "filename": "Priority-Peter.jpg",
        "tags": ["humans"]
    }, {
        "title": "Ridiculously Photogenic Guy",
        "filename": "Ridiculously_Photogenic_Guy.jpg",
        "tags": ["humans"]
    }, {
        "title": "Right-In-The-Childhood",
        "filename": "Right-In-The-Childhood.jpg",
        "tags": ["humans"]
    }, {
        "title": "Scumbag-Steve",
        "filename": "Scumbag-Steve.jpg",
        "tags": ["humans"]
    }, {
        "title": "Sparta-Leonidas",
        "filename": "Sparta-Leonidas.jpg",
        "tags": ["humans"]
    }, {
        "title": "Steve-Jobs",
        "filename": "Steve-Jobs.jpg",
        "tags": ["humans"]
    }, {
        "title": "Sudden-Clarity-Clarence",
        "filename": "Sudden-Clarity-Clarence.jpg",
        "tags": ["humans"]
    }, {
        "title": "That-Would-Be-Great",
        "filename": "That-Would-Be-Great.jpg",
        "tags": ["humans"]
    }, {
        "title": "Third-World-Skeptical-Kid",
        "filename": "Third-World-Skeptical-Kid.jpg",
        "tags": ["humans"]
    }, {
        "title": "Third-World-Success-Kid",
        "filename": "Third-World-Success-Kid.jpg",
        "tags": ["humans"]
    }, {
        "title": "Today-Was-A-Good-Day",
        "filename": "Today-Was-A-Good-Day.jpg",
        "tags": ["humans"]
    }, {
        "title": "Too-Damn-High",
        "filename": "Too-Damn-High.jpg",
        "tags": ["humans"]
    }, {
        "title": "Trump finger",
        "filename": "Trump_finger.jpg",
        "tags": ["humans"]
    }, {
        "title": "Unhelpful-High-School-Teacher",
        "filename": "Unhelpful-High-School-Teacher.jpg",
        "tags": ["humans"]
    }, {
        "title": "Well-That-Escalated-Quickly",
        "filename": "Well-That-Escalated-Quickly.jpg",
        "tags": ["humans"]
    }, {
        "title": "What-Year-Is-It",
        "filename": "What-Year-Is-It.jpg",
        "tags": ["humans"]
    }, {
        "title": "Yo-Dawg-Heard-You",
        "filename": "Yo-Dawg-Heard-You.jpg",
        "tags": ["humans"]
    }, {
        "title": "Yo-Dawg-Serious",
        "filename": "Yo-Dawg-Serious.jpg",
        "tags": ["humans"]
    }, {
        "title": "Yo-Mamas-So-Fat",
        "filename": "Yo-Mamas-So-Fat.jpg",
        "tags": ["humans"]
    }, {
        "title": "You-The-Real-MVP",
        "filename": "You-The-Real-MVP.jpg",
        "tags": ["humans"]
    }, {
        "title": "You just activated my trap card",
        "filename": "You_just_activated_my_trap_card.jpg",
        "tags": ["humans"]
    }, {
        "title": "actual sexual advice girl",
        "filename": "actual_sexual_advice_girl.jpg",
        "tags": ["humans"]
    }, {
        "title": "angry chef gordon ramsay",
        "filename": "angry_chef_gordon_ramsay.jpg",
        "tags": ["humans"]
    }, {
        "title": "annoying childhood friend",
        "filename": "annoying_childhood_friend.jpg",
        "tags": ["humans"]
    }, {
        "title": "bgt  sheldon  logic",
        "filename": "bgt__sheldon__logic.png",
        "tags": ["humans"]
    }, {
        "title": "bgt  sheldon  love is in the air",
        "filename": "bgt__sheldon__love_is_in_the_air.png",
        "tags": ["humans"]
    }, {
        "title": "bill murray golf",
        "filename": "bill_murray_golf.jpg",
        "tags": ["humans"]
    }, {
        "title": "code works",
        "filename": "code_works.jpg",
        "tags": ["humans"]
    }, {
        "title": "college liberal",
        "filename": "college_liberal.jpg",
        "tags": ["humans"]
    }, {
        "title": "confession-kid",
        "filename": "confession-kid.jpg",
        "tags": ["humans"]
    }, {
        "title": "dating site murderer",
        "filename": "dating_site_murderer.jpg",
        "tags": ["humans"]
    }, {
        "title": "dwight schrute",
        "filename": "dwight_schrute.jpg",
        "tags": ["humans"]
    }, {
        "title": "einstein albert 01",
        "filename": "einstein_albert_01.png",
        "tags": ["humans"]
    }, {
        "title": "everybody-loses-their-minds",
        "filename": "everybody-loses-their-minds.jpg",
        "tags": ["humans"]
    }, {
        "title": "ghettoBlasterThenNow",
        "filename": "ghettoBlasterThenNow.jpg",
        "tags": ["humans"]
    }, {
        "title": "grylls",
        "filename": "grylls.jpg",
        "tags": ["humans"]
    }, {
        "title": "internet husband",
        "filename": "internet_husband.jpg",
        "tags": ["humans"]
    }, {
        "title": "jesus says",
        "filename": "jesus_says.jpg",
        "tags": ["humans"]
    }, {
        "title": "joseph ducreux",
        "filename": "joseph_ducreux.jpg",
        "tags": ["humans"]
    }, {
        "title": "lotr Its-Finally-Over",
        "filename": "lotr_Its-Finally-Over.jpg",
        "tags": ["humans"]
    }, {
        "title": "lotr frodo",
        "filename": "lotr_frodo.jpg",
        "tags": ["humans"]
    }, {
        "title": "metal",
        "filename": "metal.jpg",
        "tags": ["humans"]
    }, {
        "title": "professor 01",
        "filename": "professor_01.jpg",
        "tags": ["humans"]
    }, {
        "title": "pulp fiction  Say-That-Again-I-Dare-You",
        "filename": "pulp_fiction__Say-That-Again-I-Dare-You.jpg",
        "tags": ["humans"]
    }, {
        "title": "pulp fiction  confused",
        "filename": "pulp_fiction__confused.jpg",
        "tags": ["humans"]
    }, {
        "title": "putin1",
        "filename": "putin1.jpg",
        "tags": ["humans"]
    }, {
        "title": "putin2",
        "filename": "putin2.jpg",
        "tags": ["humans"]
    }, {
        "title": "ryan gosling hey girl",
        "filename": "ryan-gosling-hey-girl.jpg",
        "tags": ["humans"]
    }, {
        "title": "salt bae",
        "filename": "salt_bae.jpg",
        "tags": ["humans"]
    }, {
        "title": "science bitch",
        "filename": "science_bitch.jpg",
        "tags": ["humans"]
    }, {
        "title": "senor chang  ha gay",
        "filename": "senor_chang__ha_gay.png",
        "tags": ["humans"]
    }, {
        "title": "senor chang  tiny text",
        "filename": "senor_chang__tiny_text.png",
        "tags": ["humans"]
    }, {
        "title": "shake wash hands",
        "filename": "shake_wash_hands.png",
        "tags": ["humans"]
    }, {
        "title": "sheen1",
        "filename": "sheen1.jpg",
        "tags": ["humans"]
    }, {
        "title": "starwars  You-Underestimate-My-Power",
        "filename": "starwars__You-Underestimate-My-Power.jpg",
        "tags": ["humans"]
    }, {
        "title": "starwars  ackbar its a trap",
        "filename": "starwars__ackbar_its_a_trap.jpg",
        "tags": ["humans"]
    }, {
        "title": "starwars  jedi tricks",
        "filename": "starwars__jedi_tricks.jpg",
        "tags": ["humans"]
    }, {
        "title": "starwars  yoda",
        "filename": "starwars__yoda.jpg",
        "tags": ["humans"]
    }, {
        "title": "the Floor is",
        "filename": "the_Floor_is.png",
        "tags": ["humans"]
    }, {
        "title": "wizard-are-you",
        "filename": "wizard-are-you.jpg",
        "tags": ["humans"]
    }, {
        "title": "z9 Butthurt-Dweller",
        "filename": "z9_Butthurt-Dweller.jpg",
        "tags": ["humans"]
    }, {
        "title": "z9 Facebook-Girl",
        "filename": "z9_Facebook-Girl.jpg",
        "tags": ["humans"]
    }, {
        "title": "z9 High-Expectations-Asian-Father",
        "filename": "z9_High-Expectations-Asian-Father.jpg",
        "tags": ["humans"]
    }, {
        "title": "z9 Idiot-Nerd-Girl",
        "filename": "z9_Idiot-Nerd-Girl.jpg",
        "tags": ["humans"]
    }, {
        "title": "z9 success",
        "filename": "z9_success.jpg",
        "tags": ["humans"]
    }, {
        "title": "50 If you know what I mean",
        "filename": "50_If_you_know_what_I_mean.jpg",
        "tags": ["rage"]
    }, {
        "title": "50 so called",
        "filename": "50_so_called.jpg",
        "tags": ["rage"]
    }, {
        "title": "50 ugh",
        "filename": "50_ugh.jpg",
        "tags": ["rage"]
    }, {
        "title": "50 wtf",
        "filename": "50_wtf.jpg",
        "tags": ["rage"]
    }, {
        "title": "Aw-Yeah-Rage-Face",
        "filename": "Aw-Yeah-Rage-Face.jpg",
        "tags": ["rage"]
    }, {
        "title": "Bitch-Please",
        "filename": "Bitch-Please.jpg",
        "tags": ["rage"]
    }, {
        "title": "Challenge-Accepted-Rage-Face",
        "filename": "Challenge-Accepted-Rage-Face.jpg",
        "tags": ["rage"]
    }, {
        "title": "Computer-Guy",
        "filename": "Computer-Guy.jpg",
        "tags": ["rage"]
    }, {
        "title": "Computer-Horse",
        "filename": "Computer-Horse.jpg",
        "tags": ["rage"]
    }, {
        "title": "Crying-Because-Of-Cute",
        "filename": "Crying-Because-Of-Cute.jpg",
        "tags": ["rage"]
    }, {
        "title": "Determined-Guy-Rage-Face",
        "filename": "Determined-Guy-Rage-Face.jpg",
        "tags": ["rage"]
    }, {
        "title": "Forever-Alone-Happy",
        "filename": "Forever-Alone-Happy.jpg",
        "tags": ["rage"]
    }, {
        "title": "Gasp-Rage-Face",
        "filename": "Gasp-Rage-Face.jpg",
        "tags": ["rage"]
    }, {
        "title": "I-Know-That-Feel-Bro",
        "filename": "I-Know-That-Feel-Bro.jpg",
        "tags": ["rage"]
    }, {
        "title": "LOL-Guy",
        "filename": "LOL-Guy.jpg",
        "tags": ["rage"]
    }, {
        "title": "Middle-Finger",
        "filename": "Middle-Finger.jpg",
        "tags": ["rage"]
    }, {
        "title": "Not-Bad-Obama",
        "filename": "Not-Bad-Obama.jpg",
        "tags": ["rage"]
    }, {
        "title": "Okay-Guy-Rage-Face",
        "filename": "Okay-Guy-Rage-Face.jpg",
        "tags": ["rage"]
    }, {
        "title": "Question-Rage-Face",
        "filename": "Question-Rage-Face.jpg",
        "tags": ["rage"]
    }, {
        "title": "Seriously-Face",
        "filename": "Seriously-Face.jpg",
        "tags": ["rage"]
    }, {
        "title": "Table-Flip-Guy",
        "filename": "Table-Flip-Guy.jpg",
        "tags": ["rage"]
    }, {
        "title": "True-Story",
        "filename": "True-Story.jpg",
        "tags": ["rage"]
    }, {
        "title": "You-Dont-Say",
        "filename": "You-Dont-Say.jpg",
        "tags": ["rage"]
    }, {
        "title": "all the things sad",
        "filename": "all_the_things_sad.jpg",
        "tags": ["rage"]
    }, {
        "title": "anonymous mask",
        "filename": "anonymous_mask.jpg",
        "tags": ["rage"]
    }, {
        "title": "are you fucking kidding me clean",
        "filename": "are_you_fucking_kidding_me_clean.jpg",
        "tags": ["rage"]
    }, {
        "title": "arrow in knee",
        "filename": "arrow_in_knee.jpg",
        "tags": ["rage"]
    }, {
        "title": "blonde red tongue",
        "filename": "blonde_red_tongue.jpg",
        "tags": ["rage"]
    }, {
        "title": "blonde smile",
        "filename": "blonde_smile.jpg",
        "tags": ["rage"]
    }, {
        "title": "blonde tongue down",
        "filename": "blonde_tongue_down.jpg",
        "tags": ["rage"]
    }, {
        "title": "broken heart",
        "filename": "broken_heart.jpg",
        "tags": ["rage"]
    }, {
        "title": "cereal guy spitting",
        "filename": "cereal_guy_spitting.jpg",
        "tags": ["rage"]
    }, {
        "title": "concentrate",
        "filename": "concentrate.jpg",
        "tags": ["rage"]
    }, {
        "title": "facepalm picard",
        "filename": "facepalm_picard.jpg",
        "tags": ["rage"]
    }, {
        "title": "female seriously glasses",
        "filename": "female_seriously_glasses.jpg",
        "tags": ["rage"]
    }, {
        "title": "forever alone clean",
        "filename": "forever_alone_clean.jpg",
        "tags": ["rage"]
    }, {
        "title": "fuck you",
        "filename": "fuck_you.jpg",
        "tags": ["rage"]
    }, {
        "title": "ha",
        "filename": "ha.jpg",
        "tags": ["rage"]
    }, {
        "title": "horror",
        "filename": "horror.jpg",
        "tags": ["rage"]
    }, {
        "title": "how about no",
        "filename": "how_about_no.jpg",
        "tags": ["rage"]
    }, {
        "title": "jesus",
        "filename": "jesus.jpg",
        "tags": ["rage"]
    }, {
        "title": "keyboard break",
        "filename": "keyboard_break.jpg",
        "tags": ["rage"]
    }, {
        "title": "me gusta",
        "filename": "me_gusta.jpg",
        "tags": ["rage"]
    }, {
        "title": "nerd",
        "filename": "nerd.jpg",
        "tags": ["rage"]
    }, {
        "title": "oh god why",
        "filename": "oh_god_why.jpg",
        "tags": ["rage"]
    }, {
        "title": "pedobear",
        "filename": "pedobear.jpg",
        "tags": ["rage"]
    }, {
        "title": "sad why",
        "filename": "sad_why.jpg",
        "tags": ["rage"]
    }, {
        "title": "troll badumts",
        "filename": "troll_badumts.jpg",
        "tags": ["rage"]
    }, {
        "title": "troll face",
        "filename": "troll_face.jpg",
        "tags": ["rage"]
    }, {
        "title": "ultra gay",
        "filename": "ultra_gay.jpg",
        "tags": ["rage"]
    }, {
        "title": "will smith",
        "filename": "will_smith.jpg",
        "tags": ["rage"]
    }, {
        "title": "willy wonka",
        "filename": "willy_wonka.jpg",
        "tags": ["humans", "tell me more"]
    }, {
        "title": "x all the y",
        "filename": "x_all_the_y.jpg",
        "tags": ["rage"]
    }, {
        "title": "y u no",
        "filename": "y_u_no.jpg",
        "tags": ["rage"]
    }, {
        "title": "Improvise Adapt Overcome",
        "filename": "bear_grylls-improvise-adapt-overcome.jpg",
        "tags": ["humans", "bear grylls"]
    }, {
        "title": "You have no power here Theoden",
        "filename": "theoden-you_have_no_power_here.jpg",
        "tags": ["humans", "lotr", "lord of the rings"]
    },
{"title":"memelines-blue","filename":"memelines-blue.png","tags":["other"]},{"title":"potato-01","filename":"potato-01.jpg","tags":["other"]},{"title":"memelines-yellow-orange","filename":"memelines-yellow-orange.png","tags":["other"]},{"title":"freedom-sunflower-kid","filename":"freedom-sunflower-kid.png","tags":["other"]}

],
    "fonts": [{
        "title": "Pressuru",
        "filename": "00_Pressuru.otf",
        "description": "general, default"
    }, {
        "title": "OpenSans",
        "filename": "OpenSans.ttf",
        "description": "general"
    }, {
        "title": "Aileron (Light)",
        "filename": "Aileron-Light.otf",
        "description": "general, long text"
    }, {
        "title": "ComicRelief",
        "filename": "01_ComicRelief.ttf",
        "description": "comic, doge"
    }, {
        "title": "DogeSans-Regular",
        "filename": "DogeSans-Regular.otf",
        "description": "comic, doge"
    }, {
        "title": "UCU Charles Script",
        "filename": "UCU Charles Script.ttf",
        "description": "just girly things"
    }, {
        "title": "DroidSerif",
        "filename": "DroidSerif.ttf",
        "description": "android"
    }, {
        "title": "Eenvoudige Batik",
        "filename": "Eenvoudige Batik.ttf"
    }, {
        "title": "Geometric Sans Serif",
        "filename": "Geometric Sans Serif.otf"
    }, {
        "title": "Halo3",
        "filename": "Halo3.ttf"
    }, {
        "title": "Inconsolata",
        "filename": "Inconsolata.otf"
    }, {
        "title": "NoContrast Serif",
        "filename": "NoContrast Serif.otf"
    }, {
        "title": "PixelFlag",
        "filename": "PixelFlag.ttf"
    }, {
        "title": "PressStart2P",
        "filename": "PressStart2P.ttf"
    }, {
        "title": "Roboto Bold",
        "filename": "Roboto Bold.ttf",
        "description": "android"
    }, {
        "title": "SourceSans Pro",
        "filename": "SourceSans Pro.otf"
    }, {
        "title": "The Godfather",
        "filename": "The Godfather.ttf"
    }]
}
